user,contributions,repositories,primary_language,monthly_contributions,contribution_types
Victor-oss,397,31,Python,"{'2017-01': 0, '2017-02': 0, '2017-03': 0, '2017-04': 0, '2017-05': 0, '2017-06': 0, '2017-07': 0, '2017-08': 0, '2017-09': 0, '2017-10': 0, '2017-11': 0, '2017-12': 0, '2018-01': 0, '2018-02': 0, '2018-03': 0, '2018-04': 0, '2018-05': 0, '2018-06': 0, '2018-07': 0, '2018-08': 0, '2018-09': 0, '2018-10': 0, '2018-11': 0, '2018-12': 0, '2019-01': 0, '2019-02': 0, '2019-03': 0, '2019-04': 0, '2019-05': 0, '2019-06': 0, '2019-07': 0, '2019-08': 0, '2019-09': 1, '2019-10': 0, '2019-11': 0, '2019-12': 0, '2020-01': 0, '2020-02': 1, '2020-03': 0, '2020-04': 0, '2020-05': 0, '2020-06': 0, '2020-07': 0, '2020-08': 0, '2020-09': 0, '2020-10': 0, '2020-11': 0, '2020-12': 0, '2021-01': 0, '2021-02': 0, '2021-03': 0, '2021-04': 0, '2021-05': 0, '2021-06': 0, '2021-07': 0, '2021-08': 0, '2021-09': 0, '2021-10': 4, '2021-11': 4, '2021-12': 0, '2022-01': 0, '2022-02': 4, '2022-03': 8, '2022-04': 4, '2022-05': 0, '2022-06': 27, '2022-07': 4, '2022-08': 5, '2022-09': 18, '2022-10': 0, '2022-11': 22, '2022-12': 28, '2023-01': 46, '2023-02': 15, '2023-03': 3, '2023-04': 0, '2023-05': 5, '2023-06': 1, '2023-07': 12, '2023-08': 22, '2023-09': 25, '2023-10': 30, '2023-11': 58, '2023-12': 27, '2024-01': 0, '2024-02': 0, '2024-03': 0, '2024-04': 22, '2024-05': 1, '2024-06': 0, '2024-07': 0, '2024-08': 0, '2024-09': 0}","{'commits': 258, 'pull_requests': 51, 'issues': 55, 'reviews': 8}"
GeovaneSFT,630,20,Python,"{'2017-01': 0, '2017-02': 0, '2017-03': 0, '2017-04': 0, '2017-05': 0, '2017-06': 0, '2017-07': 0, '2017-08': 0, '2017-09': 0, '2017-10': 0, '2017-11': 0, '2017-12': 0, '2018-01': 0, '2018-02': 0, '2018-03': 0, '2018-04': 0, '2018-05': 0, '2018-06': 0, '2018-07': 0, '2018-08': 0, '2018-09': 0, '2018-10': 0, '2018-11': 0, '2018-12': 0, '2019-01': 0, '2019-02': 0, '2019-03': 0, '2019-04': 0, '2019-05': 0, '2019-06': 0, '2019-07': 0, '2019-08': 0, '2019-09': 0, '2019-10': 0, '2019-11': 0, '2019-12': 0, '2020-01': 0, '2020-02': 0, '2020-03': 0, '2020-04': 0, '2020-05': 0, '2020-06': 0, '2020-07': 0, '2020-08': 0, '2020-09': 0, '2020-10': 0, '2020-11': 0, '2020-12': 0, '2021-01': 0, '2021-02': 0, '2021-03': 0, '2021-04': 0, '2021-05': 0, '2021-06': 0, '2021-07': 0, '2021-08': 14, '2021-09': 11, '2021-10': 16, '2021-11': 15, '2021-12': 9, '2022-01': 5, '2022-02': 18, '2022-03': 2, '2022-04': 7, '2022-05': 15, '2022-06': 15, '2022-07': 207, '2022-08': 76, '2022-09': 51, '2022-10': 14, '2022-11': 9, '2022-12': 0, '2023-01': 20, '2023-02': 7, '2023-03': 0, '2023-04': 3, '2023-05': 0, '2023-06': 1, '2023-07': 2, '2023-08': 4, '2023-09': 17, '2023-10': 9, '2023-11': 15, '2023-12': 23, '2024-01': 1, '2024-02': 1, '2024-03': 6, '2024-04': 2, '2024-05': 13, '2024-06': 1, '2024-07': 9, '2024-08': 9, '2024-09': 3}","{'commits': 343, 'pull_requests': 4, 'issues': 5, 'reviews': 2}"
AnHoff,435,16,Python,"{'2017-01': 0, '2017-02': 0, '2017-03': 0, '2017-04': 0, '2017-05': 0, '2017-06': 0, '2017-07': 0, '2017-08': 0, '2017-09': 0, '2017-10': 0, '2017-11': 0, '2017-12': 0, '2018-01': 0, '2018-02': 0, '2018-03': 0, '2018-04': 0, '2018-05': 0, '2018-06': 0, '2018-07': 0, '2018-08': 0, '2018-09': 0, '2018-10': 0, '2018-11': 0, '2018-12': 0, '2019-01': 0, '2019-02': 0, '2019-03': 0, '2019-04': 0, '2019-05': 0, '2019-06': 0, '2019-07': 0, '2019-08': 0, '2019-09': 0, '2019-10': 0, '2019-11': 0, '2019-12': 0, '2020-01': 0, '2020-02': 0, '2020-03': 0, '2020-04': 0, '2020-05': 0, '2020-06': 0, '2020-07': 0, '2020-08': 0, '2020-09': 0, '2020-10': 0, '2020-11': 0, '2020-12': 0, '2021-01': 0, '2021-02': 0, '2021-03': 0, '2021-04': 0, '2021-05': 0, '2021-06': 0, '2021-07': 5, '2021-08': 31, '2021-09': 39, '2021-10': 11, '2021-11': 1, '2021-12': 0, '2022-01': 1, '2022-02': 0, '2022-03': 0, '2022-04': 1, '2022-05': 7, '2022-06': 0, '2022-07': 30, '2022-08': 5, '2022-09': 6, '2022-10': 1, '2022-11': 71, '2022-12': 55, '2023-01': 72, '2023-02': 18, '2023-03': 0, '2023-04': 2, '2023-05': 5, '2023-06': 6, '2023-07': 3, '2023-08': 0, '2023-09': 0, '2023-10': 11, '2023-11': 16, '2023-12': 4, '2024-01': 0, '2024-02': 0, '2024-03': 6, '2024-04': 11, '2024-05': 5, '2024-06': 6, '2024-07': 1, '2024-08': 0, '2024-09': 5}","{'commits': 366, 'pull_requests': 19, 'issues': 29, 'reviews': 9}"
davidCarlos,3028,24,Python,"{'2017-01': 10, '2017-02': 5, '2017-03': 4, '2017-04': 2, '2017-05': 1, '2017-06': 0, '2017-07': 3, '2017-08': 13, '2017-09': 33, '2017-10': 5, '2017-11': 2, '2017-12': 1, '2018-01': 1, '2018-02': 2, '2018-03': 15, '2018-04': 22, '2018-05': 102, '2018-06': 90, '2018-07': 122, '2018-08': 105, '2018-09': 60, '2018-10': 3, '2018-11': 27, '2018-12': 32, '2019-01': 0, '2019-02': 0, '2019-03': 0, '2019-04': 1, '2019-05': 9, '2019-06': 8, '2019-07': 5, '2019-08': 6, '2019-09': 11, '2019-10': 2, '2019-11': 51, '2019-12': 7, '2020-01': 37, '2020-02': 45, '2020-03': 91, '2020-04': 68, '2020-05': 53, '2020-06': 31, '2020-07': 50, '2020-08': 31, '2020-09': 46, '2020-10': 35, '2020-11': 16, '2020-12': 12, '2021-01': 16, '2021-02': 48, '2021-03': 117, '2021-04': 67, '2021-05': 38, '2021-06': 103, '2021-07': 77, '2021-08': 78, '2021-09': 54, '2021-10': 73, '2021-11': 72, '2021-12': 58, '2022-01': 53, '2022-02': 33, '2022-03': 34, '2022-04': 53, '2022-05': 66, '2022-06': 53, '2022-07': 6, '2022-08': 5, '2022-09': 1, '2022-10': 0, '2022-11': 0, '2022-12': 1, '2023-01': 0, '2023-02': 4, '2023-03': 17, '2023-04': 47, '2023-05': 32, '2023-06': 19, '2023-07': 13, '2023-08': 16, '2023-09': 9, '2023-10': 20, '2023-11': 26, '2023-12': 45, '2024-01': 33, '2024-02': 33, '2024-03': 35, '2024-04': 40, '2024-05': 55, '2024-06': 44, '2024-07': 46, '2024-08': 67, '2024-09': 46}","{'commits': 2719, 'pull_requests': 11, 'issues': 288, 'reviews': 0}"
isabellacgmsa,752,60,JavaScript,"{'2017-01': 0, '2017-02': 0, '2017-03': 0, '2017-04': 0, '2017-05': 0, '2017-06': 0, '2017-07': 0, '2017-08': 0, '2017-09': 0, '2017-10': 0, '2017-11': 0, '2017-12': 0, '2018-01': 0, '2018-02': 0, '2018-03': 0, '2018-04': 0, '2018-05': 0, '2018-06': 0, '2018-07': 0, '2018-08': 0, '2018-09': 0, '2018-10': 0, '2018-11': 0, '2018-12': 0, '2019-01': 0, '2019-02': 0, '2019-03': 0, '2019-04': 1, '2019-05': 0, '2019-06': 0, '2019-07': 0, '2019-08': 0, '2019-09': 10, '2019-10': 37, '2019-11': 34, '2019-12': 0, '2020-01': 0, '2020-02': 0, '2020-03': 0, '2020-04': 0, '2020-05': 0, '2020-06': 0, '2020-07': 0, '2020-08': 23, '2020-09': 101, '2020-10': 102, '2020-11': 63, '2020-12': 0, '2021-01': 0, '2021-02': 47, '2021-03': 84, '2021-04': 43, '2021-05': 21, '2021-06': 0, '2021-07': 0, '2021-08': 0, '2021-09': 0, '2021-10': 5, '2021-11': 0, '2021-12': 0, '2022-01': 0, '2022-02': 0, '2022-03': 0, '2022-04': 0, '2022-05': 6, '2022-06': 29, '2022-07': 15, '2022-08': 41, '2022-09': 0, '2022-10': 0, '2022-11': 0, '2022-12': 0, '2023-01': 0, '2023-02': 0, '2023-03': 0, '2023-04': 4, '2023-05': 11, '2023-06': 53, '2023-07': 2, '2023-08': 0, '2023-09': 2, '2023-10': 6, '2023-11': 0, '2023-12': 10, '2024-01': 0, '2024-02': 0, '2024-03': 0, '2024-04': 0, '2024-05': 0, '2024-06': 0, '2024-07': 0, '2024-08': 0, '2024-09': 2}","{'commits': 605, 'pull_requests': 46, 'issues': 11, 'reviews': 40}"
lucasgcaldas,998,58,Java,"{'2017-01': 0, '2017-02': 0, '2017-03': 0, '2017-04': 0, '2017-05': 0, '2017-06': 0, '2017-07': 0, '2017-08': 0, '2017-09': 0, '2017-10': 0, '2017-11': 0, '2017-12': 0, '2018-01': 0, '2018-02': 0, '2018-03': 0, '2018-04': 0, '2018-05': 0, '2018-06': 0, '2018-07': 0, '2018-08': 0, '2018-09': 0, '2018-10': 0, '2018-11': 0, '2018-12': 0, '2019-01': 0, '2019-02': 0, '2019-03': 0, '2019-04': 0, '2019-05': 0, '2019-06': 0, '2019-07': 0, '2019-08': 0, '2019-09': 0, '2019-10': 0, '2019-11': 0, '2019-12': 0, '2020-01': 0, '2020-02': 0, '2020-03': 0, '2020-04': 0, '2020-05': 0, '2020-06': 0, '2020-07': 0, '2020-08': 0, '2020-09': 0, '2020-10': 0, '2020-11': 0, '2020-12': 0, '2021-01': 0, '2021-02': 0, '2021-03': 0, '2021-04': 0, '2021-05': 0, '2021-06': 0, '2021-07': 1, '2021-08': 87, '2021-09': 25, '2021-10': 45, '2021-11': 42, '2021-12': 40, '2022-01': 13, '2022-02': 16, '2022-03': 46, '2022-04': 18, '2022-05': 4, '2022-06': 6, '2022-07': 11, '2022-08': 22, '2022-09': 18, '2022-10': 0, '2022-11': 20, '2022-12': 34, '2023-01': 104, '2023-02': 57, '2023-03': 0, '2023-04': 5, '2023-05': 59, '2023-06': 42, '2023-07': 14, '2023-08': 1, '2023-09': 8, '2023-10': 12, '2023-11': 65, '2023-12': 30, '2024-01': 5, '2024-02': 7, '2024-03': 2, '2024-04': 43, '2024-05': 73, '2024-06': 17, '2024-07': 5, '2024-08': 1, '2024-09': 0}","{'commits': 647, 'pull_requests': 38, 'issues': 14, 'reviews': 16}"
GustavoHenriqueRS,472,28,TypeScript,"{'2017-01': 0, '2017-02': 0, '2017-03': 0, '2017-04': 0, '2017-05': 0, '2017-06': 0, '2017-07': 0, '2017-08': 0, '2017-09': 0, '2017-10': 0, '2017-11': 0, '2017-12': 0, '2018-01': 0, '2018-02': 0, '2018-03': 0, '2018-04': 0, '2018-05': 0, '2018-06': 0, '2018-07': 0, '2018-08': 0, '2018-09': 0, '2018-10': 0, '2018-11': 0, '2018-12': 0, '2019-01': 0, '2019-02': 0, '2019-03': 0, '2019-04': 0, '2019-05': 0, '2019-06': 0, '2019-07': 0, '2019-08': 0, '2019-09': 0, '2019-10': 0, '2019-11': 0, '2019-12': 0, '2020-01': 0, '2020-02': 0, '2020-03': 0, '2020-04': 0, '2020-05': 0, '2020-06': 0, '2020-07': 0, '2020-08': 0, '2020-09': 0, '2020-10': 0, '2020-11': 0, '2020-12': 0, '2021-01': 0, '2021-02': 0, '2021-03': 0, '2021-04': 0, '2021-05': 0, '2021-06': 0, '2021-07': 0, '2021-08': 0, '2021-09': 1, '2021-10': 0, '2021-11': 2, '2021-12': 0, '2022-01': 0, '2022-02': 0, '2022-03': 0, '2022-04': 6, '2022-05': 0, '2022-06': 18, '2022-07': 0, '2022-08': 0, '2022-09': 18, '2022-10': 40, '2022-11': 31, '2022-12': 13, '2023-01': 34, '2023-02': 15, '2023-03': 0, '2023-04': 6, '2023-05': 23, '2023-06': 56, '2023-07': 44, '2023-08': 6, '2023-09': 18, '2023-10': 2, '2023-11': 26, '2023-12': 11, '2024-01': 0, '2024-02': 0, '2024-03': 1, '2024-04': 20, '2024-05': 4, '2024-06': 0, '2024-07': 22, '2024-08': 49, '2024-09': 6}","{'commits': 206, 'pull_requests': 8, 'issues': 2, 'reviews': 0}"
vnsrz,702,36,Python,"{'2017-01': 0, '2017-02': 0, '2017-03': 0, '2017-04': 0, '2017-05': 0, '2017-06': 0, '2017-07': 0, '2017-08': 0, '2017-09': 0, '2017-10': 0, '2017-11': 0, '2017-12': 0, '2018-01': 0, '2018-02': 0, '2018-03': 0, '2018-04': 0, '2018-05': 0, '2018-06': 0, '2018-07': 0, '2018-08': 0, '2018-09': 0, '2018-10': 0, '2018-11': 0, '2018-12': 0, '2019-01': 0, '2019-02': 0, '2019-03': 0, '2019-04': 0, '2019-05': 0, '2019-06': 0, '2019-07': 0, '2019-08': 0, '2019-09': 0, '2019-10': 0, '2019-11': 0, '2019-12': 0, '2020-01': 0, '2020-02': 0, '2020-03': 0, '2020-04': 0, '2020-05': 0, '2020-06': 0, '2020-07': 0, '2020-08': 0, '2020-09': 0, '2020-10': 0, '2020-11': 0, '2020-12': 0, '2021-01': 0, '2021-02': 28, '2021-03': 79, '2021-04': 8, '2021-05': 1, '2021-06': 0, '2021-07': 0, '2021-08': 27, '2021-09': 28, '2021-10': 31, '2021-11': 4, '2021-12': 0, '2022-01': 9, '2022-02': 52, '2022-03': 19, '2022-04': 42, '2022-05': 0, '2022-06': 0, '2022-07': 18, '2022-08': 0, '2022-09': 3, '2022-10': 6, '2022-11': 51, '2022-12': 50, '2023-01': 14, '2023-02': 10, '2023-03': 3, '2023-04': 20, '2023-05': 27, '2023-06': 28, '2023-07': 4, '2023-08': 2, '2023-09': 41, '2023-10': 34, '2023-11': 34, '2023-12': 9, '2024-01': 0, '2024-02': 0, '2024-03': 4, '2024-04': 2, '2024-05': 0, '2024-06': 4, '2024-07': 1, '2024-08': 6, '2024-09': 3}","{'commits': 482, 'pull_requests': 48, 'issues': 32, 'reviews': 9}"
raqueleucaria,573,30,Python,"{'2017-01': 0, '2017-02': 0, '2017-03': 0, '2017-04': 0, '2017-05': 0, '2017-06': 0, '2017-07': 0, '2017-08': 0, '2017-09': 0, '2017-10': 0, '2017-11': 0, '2017-12': 0, '2018-01': 0, '2018-02': 0, '2018-03': 0, '2018-04': 0, '2018-05': 0, '2018-06': 0, '2018-07': 0, '2018-08': 0, '2018-09': 0, '2018-10': 0, '2018-11': 0, '2018-12': 0, '2019-01': 0, '2019-02': 0, '2019-03': 0, '2019-04': 0, '2019-05': 0, '2019-06': 0, '2019-07': 0, '2019-08': 0, '2019-09': 0, '2019-10': 0, '2019-11': 0, '2019-12': 0, '2020-01': 0, '2020-02': 0, '2020-03': 0, '2020-04': 0, '2020-05': 0, '2020-06': 0, '2020-07': 0, '2020-08': 0, '2020-09': 0, '2020-10': 0, '2020-11': 0, '2020-12': 0, '2021-01': 0, '2021-02': 0, '2021-03': 1, '2021-04': 0, '2021-05': 0, '2021-06': 0, '2021-07': 0, '2021-08': 16, '2021-09': 10, '2021-10': 15, '2021-11': 4, '2021-12': 0, '2022-01': 0, '2022-02': 0, '2022-03': 19, '2022-04': 0, '2022-05': 0, '2022-06': 8, '2022-07': 5, '2022-08': 27, '2022-09': 0, '2022-10': 0, '2022-11': 28, '2022-12': 49, '2023-01': 44, '2023-02': 34, '2023-03': 16, '2023-04': 5, '2023-05': 0, '2023-06': 2, '2023-07': 3, '2023-08': 104, '2023-09': 12, '2023-10': 37, '2023-11': 27, '2023-12': 15, '2024-01': 1, '2024-02': 0, '2024-03': 0, '2024-04': 19, '2024-05': 0, '2024-06': 4, '2024-07': 20, '2024-08': 40, '2024-09': 8}","{'commits': 370, 'pull_requests': 66, 'issues': 107, 'reviews': 14}"
MaiconMares,1903,41,JavaScript,"{'2017-01': 0, '2017-02': 0, '2017-03': 0, '2017-04': 0, '2017-05': 0, '2017-06': 0, '2017-07': 0, '2017-08': 0, '2017-09': 0, '2017-10': 0, '2017-11': 0, '2017-12': 0, '2018-01': 0, '2018-02': 0, '2018-03': 0, '2018-04': 0, '2018-05': 0, '2018-06': 0, '2018-07': 0, '2018-08': 0, '2018-09': 0, '2018-10': 0, '2018-11': 0, '2018-12': 0, '2019-01': 0, '2019-02': 1, '2019-03': 7, '2019-04': 0, '2019-05': 0, '2019-06': 0, '2019-07': 0, '2019-08': 2, '2019-09': 47, '2019-10': 86, '2019-11': 7, '2019-12': 18, '2020-01': 30, '2020-02': 32, '2020-03': 14, '2020-04': 0, '2020-05': 0, '2020-06': 59, '2020-07': 96, '2020-08': 51, '2020-09': 26, '2020-10': 3, '2020-11': 48, '2020-12': 5, '2021-01': 23, '2021-02': 28, '2021-03': 6, '2021-04': 32, '2021-05': 2, '2021-06': 0, '2021-07': 0, '2021-08': 37, '2021-09': 35, '2021-10': 16, '2021-11': 6, '2021-12': 3, '2022-01': 11, '2022-02': 48, '2022-03': 43, '2022-04': 40, '2022-05': 7, '2022-06': 4, '2022-07': 91, '2022-08': 60, '2022-09': 72, '2022-10': 62, '2022-11': 55, '2022-12': 26, '2023-01': 16, '2023-02': 14, '2023-03': 8, '2023-04': 29, '2023-05': 46, '2023-06': 34, '2023-07': 74, '2023-08': 30, '2023-09': 28, '2023-10': 103, '2023-11': 24, '2023-12': 6, '2024-01': 70, '2024-02': 20, '2024-03': 17, '2024-04': 9, '2024-05': 13, '2024-06': 31, '2024-07': 31, '2024-08': 32, '2024-09': 29}","{'commits': 887, 'pull_requests': 63, 'issues': 47, 'reviews': 20}"
ericbky,355,12,HTML,"{'2017-01': 0, '2017-02': 0, '2017-03': 0, '2017-04': 0, '2017-05': 0, '2017-06': 0, '2017-07': 0, '2017-08': 0, '2017-09': 0, '2017-10': 0, '2017-11': 0, '2017-12': 0, '2018-01': 0, '2018-02': 0, '2018-03': 0, '2018-04': 0, '2018-05': 0, '2018-06': 0, '2018-07': 0, '2018-08': 0, '2018-09': 0, '2018-10': 0, '2018-11': 0, '2018-12': 0, '2019-01': 0, '2019-02': 0, '2019-03': 0, '2019-04': 0, '2019-05': 0, '2019-06': 0, '2019-07': 0, '2019-08': 0, '2019-09': 0, '2019-10': 0, '2019-11': 0, '2019-12': 0, '2020-01': 0, '2020-02': 0, '2020-03': 0, '2020-04': 0, '2020-05': 1, '2020-06': 0, '2020-07': 0, '2020-08': 4, '2020-09': 0, '2020-10': 1, '2020-11': 2, '2020-12': 0, '2021-01': 0, '2021-02': 0, '2021-03': 0, '2021-04': 0, '2021-05': 0, '2021-06': 0, '2021-07': 0, '2021-08': 0, '2021-09': 0, '2021-10': 0, '2021-11': 0, '2021-12': 0, '2022-01': 0, '2022-02': 2, '2022-03': 12, '2022-04': 0, '2022-05': 0, '2022-06': 1, '2022-07': 0, '2022-08': 0, '2022-09': 3, '2022-10': 0, '2022-11': 0, '2022-12': 3, '2023-01': 32, '2023-02': 3, '2023-03': 1, '2023-04': 23, '2023-05': 4, '2023-06': 2, '2023-07': 37, '2023-08': 16, '2023-09': 12, '2023-10': 9, '2023-11': 0, '2023-12': 2, '2024-01': 0, '2024-02': 0, '2024-03': 44, '2024-04': 26, '2024-05': 36, '2024-06': 7, '2024-07': 13, '2024-08': 25, '2024-09': 34}","{'commits': 305, 'pull_requests': 40, 'issues': 1, 'reviews': 1}"
lelamo2002,781,36,TypeScript,"{'2017-01': 0, '2017-02': 0, '2017-03': 0, '2017-04': 0, '2017-05': 0, '2017-06': 0, '2017-07': 0, '2017-08': 0, '2017-09': 0, '2017-10': 0, '2017-11': 0, '2017-12': 0, '2018-01': 0, '2018-02': 0, '2018-03': 0, '2018-04': 0, '2018-05': 0, '2018-06': 0, '2018-07': 0, '2018-08': 0, '2018-09': 0, '2018-10': 0, '2018-11': 0, '2018-12': 0, '2019-01': 0, '2019-02': 0, '2019-03': 0, '2019-04': 0, '2019-05': 0, '2019-06': 0, '2019-07': 0, '2019-08': 0, '2019-09': 0, '2019-10': 3, '2019-11': 0, '2019-12': 0, '2020-01': 11, '2020-02': 0, '2020-03': 11, '2020-04': 5, '2020-05': 0, '2020-06': 0, '2020-07': 0, '2020-08': 2, '2020-09': 0, '2020-10': 0, '2020-11': 0, '2020-12': 0, '2021-01': 0, '2021-02': 0, '2021-03': 0, '2021-04': 6, '2021-05': 0, '2021-06': 10, '2021-07': 0, '2021-08': 0, '2021-09': 5, '2021-10': 5, '2021-11': 6, '2021-12': 0, '2022-01': 0, '2022-02': 0, '2022-03': 6, '2022-04': 17, '2022-05': 19, '2022-06': 3, '2022-07': 1, '2022-08': 21, '2022-09': 133, '2022-10': 14, '2022-11': 12, '2022-12': 20, '2023-01': 26, '2023-02': 3, '2023-03': 44, '2023-04': 38, '2023-05': 34, '2023-06': 45, '2023-07': 40, '2023-08': 18, '2023-09': 15, '2023-10': 0, '2023-11': 34, '2023-12': 20, '2024-01': 2, '2024-02': 0, '2024-03': 4, '2024-04': 46, '2024-05': 6, '2024-06': 0, '2024-07': 39, '2024-08': 50, '2024-09': 7}","{'commits': 377, 'pull_requests': 21, 'issues': 14, 'reviews': 0}"
Bruno-Felix,2760,32,JavaScript,"{'2017-01': 0, '2017-02': 0, '2017-03': 0, '2017-04': 0, '2017-05': 0, '2017-06': 0, '2017-07': 0, '2017-08': 0, '2017-09': 0, '2017-10': 0, '2017-11': 0, '2017-12': 0, '2018-01': 0, '2018-02': 0, '2018-03': 0, '2018-04': 0, '2018-05': 1, '2018-06': 0, '2018-07': 0, '2018-08': 0, '2018-09': 18, '2018-10': 9, '2018-11': 49, '2018-12': 7, '2019-01': 0, '2019-02': 0, '2019-03': 0, '2019-04': 0, '2019-05': 0, '2019-06': 0, '2019-07': 0, '2019-08': 7, '2019-09': 23, '2019-10': 29, '2019-11': 52, '2019-12': 51, '2020-01': 0, '2020-02': 0, '2020-03': 0, '2020-04': 0, '2020-05': 0, '2020-06': 57, '2020-07': 135, '2020-08': 85, '2020-09': 116, '2020-10': 118, '2020-11': 207, '2020-12': 69, '2021-01': 0, '2021-02': 73, '2021-03': 108, '2021-04': 44, '2021-05': 12, '2021-06': 28, '2021-07': 31, '2021-08': 144, '2021-09': 124, '2021-10': 61, '2021-11': 10, '2021-12': 0, '2022-01': 0, '2022-02': 12, '2022-03': 5, '2022-04': 1, '2022-05': 4, '2022-06': 34, '2022-07': 124, '2022-08': 67, '2022-09': 59, '2022-10': 0, '2022-11': 27, '2022-12': 2, '2023-01': 88, '2023-02': 46, '2023-03': 42, '2023-04': 80, '2023-05': 25, '2023-06': 58, '2023-07': 46, '2023-08': 37, '2023-09': 12, '2023-10': 16, '2023-11': 31, '2023-12': 36, '2024-01': 0, '2024-02': 5, '2024-03': 32, '2024-04': 19, '2024-05': 43, '2024-06': 83, '2024-07': 20, '2024-08': 6, '2024-09': 32}","{'commits': 1464, 'pull_requests': 89, 'issues': 203, 'reviews': 117}"
ArthurJahn,866,31,HTML,"{'2017-01': 6, '2017-02': 2, '2017-03': 9, '2017-04': 0, '2017-05': 1, '2017-06': 0, '2017-07': 1, '2017-08': 0, '2017-09': 3, '2017-10': 0, '2017-11': 0, '2017-12': 22, '2018-01': 4, '2018-02': 0, '2018-03': 1, '2018-04': 22, '2018-05': 54, '2018-06': 54, '2018-07': 32, '2018-08': 10, '2018-09': 27, '2018-10': 6, '2018-11': 15, '2018-12': 1, '2019-01': 1, '2019-02': 4, '2019-03': 6, '2019-04': 0, '2019-05': 8, '2019-06': 1, '2019-07': 4, '2019-08': 12, '2019-09': 5, '2019-10': 1, '2019-11': 35, '2019-12': 65, '2020-01': 1, '2020-02': 0, '2020-03': 0, '2020-04': 0, '2020-05': 0, '2020-06': 0, '2020-07': 0, '2020-08': 0, '2020-09': 0, '2020-10': 0, '2020-11': 0, '2020-12': 0, '2021-01': 0, '2021-02': 0, '2021-03': 0, '2021-04': 0, '2021-05': 0, '2021-06': 0, '2021-07': 0, '2021-08': 1, '2021-09': 0, '2021-10': 0, '2021-11': 25, '2021-12': 9, '2022-01': 20, '2022-02': 59, '2022-03': 62, '2022-04': 26, '2022-05': 16, '2022-06': 18, '2022-07': 64, '2022-08': 135, '2022-09': 13, '2022-10': 0, '2022-11': 0, '2022-12': 0, '2023-01': 0, '2023-02': 0, '2023-03': 1, '2023-04': 1, '2023-05': 0, '2023-06': 0, '2023-07': 0, '2023-08': 0, '2023-09': 0, '2023-10': 0, '2023-11': 1, '2023-12': 1, '2024-01': 0, '2024-02': 0, '2024-03': 0, '2024-04': 0, '2024-05': 1, '2024-06': 0, '2024-07': 0, '2024-08': 0, '2024-09': 0}","{'commits': 527, 'pull_requests': 20, 'issues': 84, 'reviews': 19}"
apmt,290,12,C++,"{'2017-01': 0, '2017-02': 0, '2017-03': 0, '2017-04': 0, '2017-05': 0, '2017-06': 0, '2017-07': 0, '2017-08': 0, '2017-09': 0, '2017-10': 0, '2017-11': 0, '2017-12': 0, '2018-01': 0, '2018-02': 0, '2018-03': 0, '2018-04': 0, '2018-05': 0, '2018-06': 0, '2018-07': 0, '2018-08': 0, '2018-09': 1, '2018-10': 0, '2018-11': 67, '2018-12': 35, '2019-01': 0, '2019-02': 0, '2019-03': 0, '2019-04': 1, '2019-05': 0, '2019-06': 16, '2019-07': 0, '2019-08': 0, '2019-09': 0, '2019-10': 4, '2019-11': 0, '2019-12': 12, '2020-01': 0, '2020-02': 0, '2020-03': 0, '2020-04': 0, '2020-05': 0, '2020-06': 0, '2020-07': 0, '2020-08': 0, '2020-09': 14, '2020-10': 0, '2020-11': 1, '2020-12': 0, '2021-01': 0, '2021-02': 0, '2021-03': 0, '2021-04': 0, '2021-05': 15, '2021-06': 0, '2021-07': 0, '2021-08': 6, '2021-09': 25, '2021-10': 33, '2021-11': 3, '2021-12': 0, '2022-01': 0, '2022-02': 0, '2022-03': 0, '2022-04': 0, '2022-05': 0, '2022-06': 23, '2022-07': 0, '2022-08': 0, '2022-09': 0, '2022-10': 0, '2022-11': 0, '2022-12': 4, '2023-01': 12, '2023-02': 18, '2023-03': 0, '2023-04': 0, '2023-05': 0, '2023-06': 0, '2023-07': 0, '2023-08': 0, '2023-09': 0, '2023-10': 0, '2023-11': 0, '2023-12': 0, '2024-01': 0, '2024-02': 0, '2024-03': 0, '2024-04': 0, '2024-05': 0, '2024-06': 0, '2024-07': 0, '2024-08': 0, '2024-09': 0}","{'commits': 263, 'pull_requests': 9, 'issues': 8, 'reviews': 5}"
StrangeUnit28,552,16,Python,"{'2017-01': 0, '2017-02': 0, '2017-03': 0, '2017-04': 0, '2017-05': 0, '2017-06': 0, '2017-07': 0, '2017-08': 0, '2017-09': 0, '2017-10': 0, '2017-11': 0, '2017-12': 0, '2018-01': 0, '2018-02': 0, '2018-03': 0, '2018-04': 0, '2018-05': 0, '2018-06': 0, '2018-07': 0, '2018-08': 0, '2018-09': 0, '2018-10': 0, '2018-11': 0, '2018-12': 0, '2019-01': 0, '2019-02': 0, '2019-03': 0, '2019-04': 0, '2019-05': 0, '2019-06': 0, '2019-07': 0, '2019-08': 0, '2019-09': 0, '2019-10': 0, '2019-11': 0, '2019-12': 0, '2020-01': 0, '2020-02': 0, '2020-03': 0, '2020-04': 0, '2020-05': 0, '2020-06': 0, '2020-07': 0, '2020-08': 0, '2020-09': 0, '2020-10': 0, '2020-11': 0, '2020-12': 0, '2021-01': 0, '2021-02': 0, '2021-03': 0, '2021-04': 0, '2021-05': 0, '2021-06': 0, '2021-07': 0, '2021-08': 0, '2021-09': 0, '2021-10': 0, '2021-11': 0, '2021-12': 0, '2022-01': 1, '2022-02': 0, '2022-03': 0, '2022-04': 0, '2022-05': 0, '2022-06': 0, '2022-07': 2, '2022-08': 0, '2022-09': 4, '2022-10': 0, '2022-11': 0, '2022-12': 31, '2023-01': 10, '2023-02': 2, '2023-03': 0, '2023-04': 80, '2023-05': 138, '2023-06': 105, '2023-07': 57, '2023-08': 1, '2023-09': 60, '2023-10': 26, '2023-11': 22, '2023-12': 7, '2024-01': 0, '2024-02': 0, '2024-03': 0, '2024-04': 0, '2024-05': 0, '2024-06': 1, '2024-07': 0, '2024-08': 0, '2024-09': 5}","{'commits': 410, 'pull_requests': 43, 'issues': 35, 'reviews': 58}"
VictorJorgeFGA,971,36,Python,"{'2017-01': 0, '2017-02': 0, '2017-03': 0, '2017-04': 0, '2017-05': 0, '2017-06': 0, '2017-07': 0, '2017-08': 0, '2017-09': 0, '2017-10': 0, '2017-11': 0, '2017-12': 0, '2018-01': 0, '2018-02': 0, '2018-03': 0, '2018-04': 0, '2018-05': 0, '2018-06': 0, '2018-07': 0, '2018-08': 0, '2018-09': 1, '2018-10': 0, '2018-11': 0, '2018-12': 0, '2019-01': 0, '2019-02': 0, '2019-03': 0, '2019-04': 0, '2019-05': 7, '2019-06': 21, '2019-07': 0, '2019-08': 1, '2019-09': 24, '2019-10': 48, '2019-11': 120, '2019-12': 0, '2020-01': 0, '2020-02': 0, '2020-03': 0, '2020-04': 0, '2020-05': 6, '2020-06': 2, '2020-07': 6, '2020-08': 41, '2020-09': 37, '2020-10': 0, '2020-11': 0, '2020-12': 7, '2021-01': 0, '2021-02': 18, '2021-03': 21, '2021-04': 88, '2021-05': 48, '2021-06': 2, '2021-07': 0, '2021-08': 30, '2021-09': 16, '2021-10': 0, '2021-11': 0, '2021-12': 0, '2022-01': 0, '2022-02': 16, '2022-03': 36, '2022-04': 34, '2022-05': 3, '2022-06': 1, '2022-07': 9, '2022-08': 5, '2022-09': 11, '2022-10': 0, '2022-11': 49, '2022-12': 29, '2023-01': 74, '2023-02': 45, '2023-03': 0, '2023-04': 0, '2023-05': 1, '2023-06': 0, '2023-07': 2, '2023-08': 0, '2023-09': 0, '2023-10': 0, '2023-11': 0, '2023-12': 2, '2024-01': 17, '2024-02': 0, '2024-03': 8, '2024-04': 1, '2024-05': 0, '2024-06': 0, '2024-07': 36, '2024-08': 41, '2024-09': 7}","{'commits': 757, 'pull_requests': 82, 'issues': 84, 'reviews': 26}"
edudsan,297,21,Python,"{'2017-01': 0, '2017-02': 0, '2017-03': 0, '2017-04': 0, '2017-05': 0, '2017-06': 0, '2017-07': 0, '2017-08': 0, '2017-09': 0, '2017-10': 0, '2017-11': 0, '2017-12': 0, '2018-01': 0, '2018-02': 0, '2018-03': 0, '2018-04': 0, '2018-05': 0, '2018-06': 0, '2018-07': 0, '2018-08': 0, '2018-09': 0, '2018-10': 0, '2018-11': 0, '2018-12': 0, '2019-01': 0, '2019-02': 0, '2019-03': 2, '2019-04': 0, '2019-05': 0, '2019-06': 0, '2019-07': 0, '2019-08': 0, '2019-09': 0, '2019-10': 0, '2019-11': 0, '2019-12': 0, '2020-01': 0, '2020-02': 0, '2020-03': 0, '2020-04': 0, '2020-05': 0, '2020-06': 0, '2020-07': 0, '2020-08': 0, '2020-09': 0, '2020-10': 0, '2020-11': 0, '2020-12': 0, '2021-01': 0, '2021-02': 0, '2021-03': 0, '2021-04': 0, '2021-05': 0, '2021-06': 0, '2021-07': 0, '2021-08': 2, '2021-09': 3, '2021-10': 0, '2021-11': 0, '2021-12': 0, '2022-01': 0, '2022-02': 0, '2022-03': 7, '2022-04': 0, '2022-05': 0, '2022-06': 2, '2022-07': 23, '2022-08': 8, '2022-09': 12, '2022-10': 0, '2022-11': 54, '2022-12': 24, '2023-01': 97, '2023-02': 5, '2023-03': 0, '2023-04': 2, '2023-05': 3, '2023-06': 1, '2023-07': 0, '2023-08': 0, '2023-09': 6, '2023-10': 4, '2023-11': 5, '2023-12': 0, '2024-01': 0, '2024-02': 0, '2024-03': 0, '2024-04': 0, '2024-05': 0, '2024-06': 0, '2024-07': 16, '2024-08': 9, '2024-09': 12}","{'commits': 254, 'pull_requests': 22, 'issues': 5, 'reviews': 1}"
joycejdm,348,5,HTML,"{'2017-01': 0, '2017-02': 0, '2017-03': 0, '2017-04': 0, '2017-05': 0, '2017-06': 0, '2017-07': 0, '2017-08': 0, '2017-09': 0, '2017-10': 0, '2017-11': 0, '2017-12': 0, '2018-01': 0, '2018-02': 0, '2018-03': 0, '2018-04': 0, '2018-05': 0, '2018-06': 0, '2018-07': 0, '2018-08': 0, '2018-09': 0, '2018-10': 0, '2018-11': 0, '2018-12': 0, '2019-01': 0, '2019-02': 0, '2019-03': 0, '2019-04': 0, '2019-05': 0, '2019-06': 0, '2019-07': 0, '2019-08': 0, '2019-09': 0, '2019-10': 0, '2019-11': 0, '2019-12': 0, '2020-01': 0, '2020-02': 0, '2020-03': 0, '2020-04': 0, '2020-05': 0, '2020-06': 0, '2020-07': 0, '2020-08': 0, '2020-09': 0, '2020-10': 0, '2020-11': 0, '2020-12': 0, '2021-01': 0, '2021-02': 0, '2021-03': 0, '2021-04': 0, '2021-05': 0, '2021-06': 0, '2021-07': 0, '2021-08': 0, '2021-09': 0, '2021-10': 0, '2021-11': 0, '2021-12': 0, '2022-01': 0, '2022-02': 0, '2022-03': 0, '2022-04': 0, '2022-05': 0, '2022-06': 0, '2022-07': 0, '2022-08': 0, '2022-09': 0, '2022-10': 0, '2022-11': 0, '2022-12': 0, '2023-01': 0, '2023-02': 0, '2023-03': 0, '2023-04': 0, '2023-05': 0, '2023-06': 0, '2023-07': 0, '2023-08': 4, '2023-09': 23, '2023-10': 29, '2023-11': 9, '2023-12': 3, '2024-01': 38, '2024-02': 24, '2024-03': 46, '2024-04': 66, '2024-05': 22, '2024-06': 39, '2024-07': 42, '2024-08': 0, '2024-09': 3}","{'commits': 336, 'pull_requests': 5, 'issues': 0, 'reviews': 1}"
francisco1code,3059,111,JavaScript,"{'2017-01': 0, '2017-02': 0, '2017-03': 0, '2017-04': 0, '2017-05': 0, '2017-06': 0, '2017-07': 0, '2017-08': 0, '2017-09': 0, '2017-10': 0, '2017-11': 0, '2017-12': 0, '2018-01': 0, '2018-02': 0, '2018-03': 0, '2018-04': 0, '2018-05': 0, '2018-06': 0, '2018-07': 0, '2018-08': 0, '2018-09': 0, '2018-10': 0, '2018-11': 1, '2018-12': 0, '2019-01': 0, '2019-02': 0, '2019-03': 0, '2019-04': 0, '2019-05': 0, '2019-06': 0, '2019-07': 0, '2019-08': 1, '2019-09': 0, '2019-10': 6, '2019-11': 0, '2019-12': 0, '2020-01': 32, '2020-02': 0, '2020-03': 0, '2020-04': 0, '2020-05': 17, '2020-06': 0, '2020-07': 0, '2020-08': 72, '2020-09': 152, '2020-10': 187, '2020-11': 218, '2020-12': 186, '2021-01': 79, '2021-02': 6, '2021-03': 53, '2021-04': 56, '2021-05': 13, '2021-06': 36, '2021-07': 16, '2021-08': 110, '2021-09': 122, '2021-10': 120, '2021-11': 42, '2021-12': 15, '2022-01': 23, '2022-02': 38, '2022-03': 47, '2022-04': 19, '2022-05': 105, '2022-06': 119, '2022-07': 67, '2022-08': 107, '2022-09': 96, '2022-10': 154, '2022-11': 189, '2022-12': 282, '2023-01': 64, '2023-02': 23, '2023-03': 3, '2023-04': 31, '2023-05': 4, '2023-06': 9, '2023-07': 31, '2023-08': 17, '2023-09': 7, '2023-10': 5, '2023-11': 30, '2023-12': 0, '2024-01': 1, '2024-02': 13, '2024-03': 4, '2024-04': 6, '2024-05': 23, '2024-06': 2, '2024-07': 0, '2024-08': 0, '2024-09': 0}","{'commits': 1396, 'pull_requests': 161, 'issues': 114, 'reviews': 70}"
VitorB2002,596,35,HTML,"{'2017-01': 0, '2017-02': 0, '2017-03': 0, '2017-04': 0, '2017-05': 0, '2017-06': 0, '2017-07': 0, '2017-08': 0, '2017-09': 0, '2017-10': 0, '2017-11': 0, '2017-12': 0, '2018-01': 0, '2018-02': 0, '2018-03': 0, '2018-04': 0, '2018-05': 0, '2018-06': 0, '2018-07': 0, '2018-08': 0, '2018-09': 0, '2018-10': 0, '2018-11': 0, '2018-12': 0, '2019-01': 0, '2019-02': 0, '2019-03': 0, '2019-04': 0, '2019-05': 0, '2019-06': 0, '2019-07': 0, '2019-08': 0, '2019-09': 0, '2019-10': 0, '2019-11': 0, '2019-12': 0, '2020-01': 0, '2020-02': 0, '2020-03': 0, '2020-04': 0, '2020-05': 0, '2020-06': 0, '2020-07': 0, '2020-08': 0, '2020-09': 0, '2020-10': 0, '2020-11': 0, '2020-12': 0, '2021-01': 0, '2021-02': 1, '2021-03': 0, '2021-04': 0, '2021-05': 0, '2021-06': 0, '2021-07': 6, '2021-08': 0, '2021-09': 0, '2021-10': 19, '2021-11': 0, '2021-12': 0, '2022-01': 0, '2022-02': 3, '2022-03': 56, '2022-04': 53, '2022-05': 4, '2022-06': 0, '2022-07': 0, '2022-08': 0, '2022-09': 8, '2022-10': 63, '2022-11': 34, '2022-12': 11, '2023-01': 0, '2023-02': 1, '2023-03': 0, '2023-04': 0, '2023-05': 0, '2023-06': 37, '2023-07': 53, '2023-08': 16, '2023-09': 20, '2023-10': 32, '2023-11': 76, '2023-12': 36, '2024-01': 36, '2024-02': 0, '2024-03': 0, '2024-04': 0, '2024-05': 1, '2024-06': 0, '2024-07': 10, '2024-08': 16, '2024-09': 4}","{'commits': 541, 'pull_requests': 21, 'issues': 4, 'reviews': 2}"
leomichalski,1049,67,Jupyter Notebook,"{'2017-01': 0, '2017-02': 0, '2017-03': 0, '2017-04': 0, '2017-05': 0, '2017-06': 0, '2017-07': 0, '2017-08': 0, '2017-09': 0, '2017-10': 0, '2017-11': 0, '2017-12': 0, '2018-01': 0, '2018-02': 0, '2018-03': 0, '2018-04': 0, '2018-05': 0, '2018-06': 0, '2018-07': 0, '2018-08': 0, '2018-09': 0, '2018-10': 0, '2018-11': 0, '2018-12': 0, '2019-01': 0, '2019-02': 0, '2019-03': 0, '2019-04': 0, '2019-05': 0, '2019-06': 0, '2019-07': 0, '2019-08': 0, '2019-09': 0, '2019-10': 2, '2019-11': 13, '2019-12': 0, '2020-01': 27, '2020-02': 1, '2020-03': 17, '2020-04': 2, '2020-05': 25, '2020-06': 17, '2020-07': 2, '2020-08': 2, '2020-09': 2, '2020-10': 6, '2020-11': 0, '2020-12': 1, '2021-01': 0, '2021-02': 32, '2021-03': 91, '2021-04': 15, '2021-05': 43, '2021-06': 1, '2021-07': 0, '2021-08': 2, '2021-09': 5, '2021-10': 4, '2021-11': 0, '2021-12': 0, '2022-01': 0, '2022-02': 1, '2022-03': 0, '2022-04': 0, '2022-05': 0, '2022-06': 14, '2022-07': 62, '2022-08': 85, '2022-09': 195, '2022-10': 0, '2022-11': 1, '2022-12': 16, '2023-01': 12, '2023-02': 29, '2023-03': 15, '2023-04': 11, '2023-05': 9, '2023-06': 6, '2023-07': 17, '2023-08': 15, '2023-09': 51, '2023-10': 51, '2023-11': 16, '2023-12': 78, '2024-01': 1, '2024-02': 2, '2024-03': 12, '2024-04': 1, '2024-05': 0, '2024-06': 0, '2024-07': 39, '2024-08': 0, '2024-09': 0}","{'commits': 815, 'pull_requests': 77, 'issues': 91, 'reviews': 12}"
Thais-ra,511,35,Python,"{'2017-01': 0, '2017-02': 0, '2017-03': 0, '2017-04': 0, '2017-05': 0, '2017-06': 0, '2017-07': 0, '2017-08': 0, '2017-09': 0, '2017-10': 0, '2017-11': 0, '2017-12': 0, '2018-01': 1, '2018-02': 0, '2018-03': 0, '2018-04': 0, '2018-05': 0, '2018-06': 0, '2018-07': 0, '2018-08': 0, '2018-09': 0, '2018-10': 0, '2018-11': 0, '2018-12': 0, '2019-01': 0, '2019-02': 0, '2019-03': 0, '2019-04': 0, '2019-05': 2, '2019-06': 2, '2019-07': 0, '2019-08': 0, '2019-09': 0, '2019-10': 14, '2019-11': 1, '2019-12': 0, '2020-01': 0, '2020-02': 0, '2020-03': 0, '2020-04': 0, '2020-05': 12, '2020-06': 0, '2020-07': 0, '2020-08': 12, '2020-09': 21, '2020-10': 22, '2020-11': 7, '2020-12': 2, '2021-01': 0, '2021-02': 24, '2021-03': 69, '2021-04': 39, '2021-05': 30, '2021-06': 1, '2021-07': 2, '2021-08': 21, '2021-09': 54, '2021-10': 46, '2021-11': 0, '2021-12': 0, '2022-01': 0, '2022-02': 0, '2022-03': 7, '2022-04': 9, '2022-05': 1, '2022-06': 17, '2022-07': 18, '2022-08': 10, '2022-09': 5, '2022-10': 0, '2022-11': 1, '2022-12': 1, '2023-01': 0, '2023-02': 0, '2023-03': 0, '2023-04': 0, '2023-05': 9, '2023-06': 5, '2023-07': 3, '2023-08': 0, '2023-09': 2, '2023-10': 0, '2023-11': 13, '2023-12': 28, '2024-01': 0, '2024-02': 0, '2024-03': 0, '2024-04': 0, '2024-05': 0, '2024-06': 0, '2024-07': 0, '2024-08': 0, '2024-09': 0}","{'commits': 368, 'pull_requests': 57, 'issues': 47, 'reviews': 21}"
alinebastos,1492,96,JavaScript,"{'2017-01': 0, '2017-02': 0, '2017-03': 1, '2017-04': 11, '2017-05': 20, '2017-06': 1, '2017-07': 15, '2017-08': 33, '2017-09': 47, '2017-10': 127, '2017-11': 52, '2017-12': 34, '2018-01': 3, '2018-02': 4, '2018-03': 11, '2018-04': 11, '2018-05': 12, '2018-06': 60, '2018-07': 10, '2018-08': 14, '2018-09': 3, '2018-10': 20, '2018-11': 1, '2018-12': 10, '2019-01': 2, '2019-02': 2, '2019-03': 4, '2019-04': 0, '2019-05': 0, '2019-06': 2, '2019-07': 7, '2019-08': 31, '2019-09': 45, '2019-10': 88, '2019-11': 40, '2019-12': 20, '2020-01': 27, '2020-02': 51, '2020-03': 1, '2020-04': 2, '2020-05': 0, '2020-06': 0, '2020-07': 1, '2020-08': 52, '2020-09': 101, '2020-10': 161, '2020-11': 35, '2020-12': 12, '2021-01': 2, '2021-02': 0, '2021-03': 2, '2021-04': 0, '2021-05': 0, '2021-06': 1, '2021-07': 3, '2021-08': 0, '2021-09': 3, '2021-10': 64, '2021-11': 5, '2021-12': 1, '2022-01': 21, '2022-02': 2, '2022-03': 1, '2022-04': 1, '2022-05': 15, '2022-06': 19, '2022-07': 15, '2022-08': 9, '2022-09': 24, '2022-10': 62, '2022-11': 19, '2022-12': 8, '2023-01': 6, '2023-02': 5, '2023-03': 5, '2023-04': 4, '2023-05': 5, '2023-06': 0, '2023-07': 2, '2023-08': 2, '2023-09': 0, '2023-10': 1, '2023-11': 0, '2023-12': 0, '2024-01': 0, '2024-02': 0, '2024-03': 0, '2024-04': 0, '2024-05': 0, '2024-06': 0, '2024-07': 0, '2024-08': 1, '2024-09': 0}","{'commits': 982, 'pull_requests': 83, 'issues': 12, 'reviews': 36}"
Juan-Ricarte,292,10,JavaScript,"{'2017-01': 0, '2017-02': 0, '2017-03': 0, '2017-04': 0, '2017-05': 0, '2017-06': 0, '2017-07': 0, '2017-08': 0, '2017-09': 0, '2017-10': 0, '2017-11': 0, '2017-12': 0, '2018-01': 0, '2018-02': 0, '2018-03': 0, '2018-04': 0, '2018-05': 0, '2018-06': 0, '2018-07': 0, '2018-08': 0, '2018-09': 0, '2018-10': 0, '2018-11': 0, '2018-12': 0, '2019-01': 0, '2019-02': 0, '2019-03': 0, '2019-04': 0, '2019-05': 0, '2019-06': 0, '2019-07': 0, '2019-08': 0, '2019-09': 0, '2019-10': 0, '2019-11': 0, '2019-12': 0, '2020-01': 0, '2020-02': 0, '2020-03': 0, '2020-04': 0, '2020-05': 0, '2020-06': 0, '2020-07': 0, '2020-08': 0, '2020-09': 0, '2020-10': 0, '2020-11': 0, '2020-12': 0, '2021-01': 0, '2021-02': 0, '2021-03': 0, '2021-04': 0, '2021-05': 0, '2021-06': 0, '2021-07': 0, '2021-08': 0, '2021-09': 0, '2021-10': 0, '2021-11': 0, '2021-12': 2, '2022-01': 0, '2022-02': 0, '2022-03': 1, '2022-04': 2, '2022-05': 0, '2022-06': 0, '2022-07': 2, '2022-08': 0, '2022-09': 0, '2022-10': 0, '2022-11': 0, '2022-12': 0, '2023-01': 5, '2023-02': 0, '2023-03': 0, '2023-04': 15, '2023-05': 13, '2023-06': 24, '2023-07': 32, '2023-08': 4, '2023-09': 53, '2023-10': 42, '2023-11': 58, '2023-12': 22, '2024-01': 14, '2024-02': 0, '2024-03': 1, '2024-04': 0, '2024-05': 0, '2024-06': 0, '2024-07': 1, '2024-08': 1, '2024-09': 0}","{'commits': 263, 'pull_requests': 5, 'issues': 7, 'reviews': 2}"
ArturVinicius,116,26,Python,"{'2017-01': 0, '2017-02': 0, '2017-03': 0, '2017-04': 0, '2017-05': 0, '2017-06': 0, '2017-07': 0, '2017-08': 0, '2017-09': 0, '2017-10': 0, '2017-11': 0, '2017-12': 0, '2018-01': 0, '2018-02': 0, '2018-03': 0, '2018-04': 0, '2018-05': 0, '2018-06': 0, '2018-07': 0, '2018-08': 0, '2018-09': 0, '2018-10': 0, '2018-11': 0, '2018-12': 0, '2019-01': 0, '2019-02': 0, '2019-03': 0, '2019-04': 0, '2019-05': 0, '2019-06': 0, '2019-07': 0, '2019-08': 0, '2019-09': 0, '2019-10': 0, '2019-11': 0, '2019-12': 1, '2020-01': 0, '2020-02': 0, '2020-03': 0, '2020-04': 0, '2020-05': 0, '2020-06': 0, '2020-07': 0, '2020-08': 0, '2020-09': 0, '2020-10': 0, '2020-11': 0, '2020-12': 0, '2021-01': 0, '2021-02': 0, '2021-03': 0, '2021-04': 0, '2021-05': 0, '2021-06': 0, '2021-07': 0, '2021-08': 6, '2021-09': 6, '2021-10': 11, '2021-11': 0, '2021-12': 0, '2022-01': 0, '2022-02': 0, '2022-03': 1, '2022-04': 0, '2022-05': 0, '2022-06': 0, '2022-07': 0, '2022-08': 0, '2022-09': 0, '2022-10': 0, '2022-11': 11, '2022-12': 0, '2023-01': 27, '2023-02': 1, '2023-03': 0, '2023-04': 0, '2023-05': 4, '2023-06': 0, '2023-07': 0, '2023-08': 2, '2023-09': 12, '2023-10': 14, '2023-11': 5, '2023-12': 11, '2024-01': 0, '2024-02': 0, '2024-03': 0, '2024-04': 0, '2024-05': 0, '2024-06': 0, '2024-07': 2, '2024-08': 2, '2024-09': 0}","{'commits': 93, 'pull_requests': 9, 'issues': 2, 'reviews': 7}"
oo7gabriel,908,28,TypeScript,"{'2017-01': 0, '2017-02': 0, '2017-03': 0, '2017-04': 0, '2017-05': 0, '2017-06': 0, '2017-07': 0, '2017-08': 0, '2017-09': 0, '2017-10': 0, '2017-11': 0, '2017-12': 0, '2018-01': 0, '2018-02': 0, '2018-03': 0, '2018-04': 0, '2018-05': 0, '2018-06': 0, '2018-07': 0, '2018-08': 0, '2018-09': 5, '2018-10': 3, '2018-11': 0, '2018-12': 3, '2019-01': 2, '2019-02': 2, '2019-03': 0, '2019-04': 0, '2019-05': 4, '2019-06': 3, '2019-07': 9, '2019-08': 0, '2019-09': 2, '2019-10': 0, '2019-11': 0, '2019-12': 0, '2020-01': 0, '2020-02': 0, '2020-03': 3, '2020-04': 0, '2020-05': 0, '2020-06': 0, '2020-07': 0, '2020-08': 16, '2020-09': 0, '2020-10': 0, '2020-11': 0, '2020-12': 0, '2021-01': 0, '2021-02': 0, '2021-03': 20, '2021-04': 63, '2021-05': 24, '2021-06': 0, '2021-07': 2, '2021-08': 3, '2021-09': 6, '2021-10': 30, '2021-11': 10, '2021-12': 0, '2022-01': 1, '2022-02': 19, '2022-03': 1, '2022-04': 22, '2022-05': 3, '2022-06': 16, '2022-07': 20, '2022-08': 1, '2022-09': 45, '2022-10': 4, '2022-11': 15, '2022-12': 3, '2023-01': 21, '2023-02': 4, '2023-03': 0, '2023-04': 79, '2023-05': 166, '2023-06': 111, '2023-07': 51, '2023-08': 3, '2023-09': 13, '2023-10': 25, '2023-11': 8, '2023-12': 11, '2024-01': 0, '2024-02': 0, '2024-03': 1, '2024-04': 7, '2024-05': 0, '2024-06': 2, '2024-07': 25, '2024-08': 21, '2024-09': 0}","{'commits': 381, 'pull_requests': 27, 'issues': 31, 'reviews': 12}"
dudaa28,88,9,Python,"{'2017-01': 0, '2017-02': 0, '2017-03': 0, '2017-04': 0, '2017-05': 0, '2017-06': 0, '2017-07': 0, '2017-08': 0, '2017-09': 0, '2017-10': 0, '2017-11': 0, '2017-12': 0, '2018-01': 0, '2018-02': 0, '2018-03': 0, '2018-04': 0, '2018-05': 0, '2018-06': 0, '2018-07': 0, '2018-08': 0, '2018-09': 0, '2018-10': 0, '2018-11': 0, '2018-12': 0, '2019-01': 0, '2019-02': 0, '2019-03': 0, '2019-04': 0, '2019-05': 0, '2019-06': 0, '2019-07': 0, '2019-08': 0, '2019-09': 0, '2019-10': 0, '2019-11': 0, '2019-12': 0, '2020-01': 0, '2020-02': 0, '2020-03': 0, '2020-04': 0, '2020-05': 0, '2020-06': 0, '2020-07': 0, '2020-08': 0, '2020-09': 0, '2020-10': 0, '2020-11': 0, '2020-12': 0, '2021-01': 0, '2021-02': 0, '2021-03': 0, '2021-04': 0, '2021-05': 0, '2021-06': 0, '2021-07': 0, '2021-08': 0, '2021-09': 0, '2021-10': 0, '2021-11': 0, '2021-12': 0, '2022-01': 0, '2022-02': 0, '2022-03': 0, '2022-04': 0, '2022-05': 0, '2022-06': 0, '2022-07': 0, '2022-08': 0, '2022-09': 0, '2022-10': 0, '2022-11': 0, '2022-12': 0, '2023-01': 0, '2023-02': 0, '2023-03': 0, '2023-04': 0, '2023-05': 0, '2023-06': 0, '2023-07': 0, '2023-08': 0, '2023-09': 0, '2023-10': 0, '2023-11': 0, '2023-12': 0, '2024-01': 0, '2024-02': 0, '2024-03': 2, '2024-04': 2, '2024-05': 0, '2024-06': 13, '2024-07': 2, '2024-08': 8, '2024-09': 61}","{'commits': 58, 'pull_requests': 19, 'issues': 1, 'reviews': 1}"
alvesisaque,1241,68,Python,"{'2017-01': 0, '2017-02': 0, '2017-03': 0, '2017-04': 0, '2017-05': 0, '2017-06': 0, '2017-07': 0, '2017-08': 22, '2017-09': 44, '2017-10': 30, '2017-11': 59, '2017-12': 3, '2018-01': 0, '2018-02': 0, '2018-03': 93, '2018-04': 129, '2018-05': 228, '2018-06': 142, '2018-07': 0, '2018-08': 36, '2018-09': 21, '2018-10': 13, '2018-11': 62, '2018-12': 2, '2019-01': 0, '2019-02': 0, '2019-03': 27, '2019-04': 3, '2019-05': 0, '2019-06': 0, '2019-07': 0, '2019-08': 8, '2019-09': 13, '2019-10': 17, '2019-11': 10, '2019-12': 8, '2020-01': 0, '2020-02': 1, '2020-03': 0, '2020-04': 1, '2020-05': 0, '2020-06': 22, '2020-07': 50, '2020-08': 5, '2020-09': 3, '2020-10': 6, '2020-11': 69, '2020-12': 7, '2021-01': 6, '2021-02': 4, '2021-03': 22, '2021-04': 3, '2021-05': 20, '2021-06': 4, '2021-07': 2, '2021-08': 0, '2021-09': 1, '2021-10': 0, '2021-11': 0, '2021-12': 1, '2022-01': 0, '2022-02': 0, '2022-03': 0, '2022-04': 0, '2022-05': 0, '2022-06': 0, '2022-07': 6, '2022-08': 6, '2022-09': 0, '2022-10': 0, '2022-11': 0, '2022-12': 12, '2023-01': 10, '2023-02': 6, '2023-03': 0, '2023-04': 0, '2023-05': 0, '2023-06': 0, '2023-07': 0, '2023-08': 1, '2023-09': 2, '2023-10': 0, '2023-11': 0, '2023-12': 0, '2024-01': 0, '2024-02': 0, '2024-03': 0, '2024-04': 0, '2024-05': 0, '2024-06': 0, '2024-07': 1, '2024-08': 0, '2024-09': 0}","{'commits': 773, 'pull_requests': 120, 'issues': 232, 'reviews': 74}"
roddas,1775,39,C,"{'2017-01': 0, '2017-02': 0, '2017-03': 0, '2017-04': 0, '2017-05': 0, '2017-06': 0, '2017-07': 0, '2017-08': 0, '2017-09': 0, '2017-10': 0, '2017-11': 0, '2017-12': 0, '2018-01': 0, '2018-02': 0, '2018-03': 0, '2018-04': 0, '2018-05': 1, '2018-06': 0, '2018-07': 0, '2018-08': 0, '2018-09': 0, '2018-10': 0, '2018-11': 0, '2018-12': 0, '2019-01': 0, '2019-02': 0, '2019-03': 0, '2019-04': 0, '2019-05': 0, '2019-06': 0, '2019-07': 0, '2019-08': 0, '2019-09': 0, '2019-10': 5, '2019-11': 0, '2019-12': 0, '2020-01': 0, '2020-02': 0, '2020-03': 0, '2020-04': 0, '2020-05': 0, '2020-06': 0, '2020-07': 1, '2020-08': 0, '2020-09': 0, '2020-10': 1, '2020-11': 0, '2020-12': 0, '2021-01': 0, '2021-02': 6, '2021-03': 0, '2021-04': 10, '2021-05': 1, '2021-06': 0, '2021-07': 2, '2021-08': 50, '2021-09': 7, '2021-10': 31, '2021-11': 16, '2021-12': 28, '2022-01': 23, '2022-02': 48, '2022-03': 58, '2022-04': 60, '2022-05': 61, '2022-06': 43, '2022-07': 77, '2022-08': 54, '2022-09': 39, '2022-10': 27, '2022-11': 37, '2022-12': 36, '2023-01': 87, '2023-02': 37, '2023-03': 12, '2023-04': 21, '2023-05': 27, '2023-06': 40, '2023-07': 80, '2023-08': 134, '2023-09': 88, '2023-10': 131, '2023-11': 63, '2023-12': 96, '2024-01': 43, '2024-02': 75, '2024-03': 34, '2024-04': 8, '2024-05': 4, '2024-06': 0, '2024-07': 10, '2024-08': 19, '2024-09': 44}","{'commits': 988, 'pull_requests': 54, 'issues': 50, 'reviews': 15}"
arthurTemporim,5930,61,Python,"{'2017-01': 0, '2017-02': 5, '2017-03': 21, '2017-04': 43, '2017-05': 30, '2017-06': 38, '2017-07': 3, '2017-08': 6, '2017-09': 33, '2017-10': 23, '2017-11': 38, '2017-12': 2, '2018-01': 7, '2018-02': 3, '2018-03': 34, '2018-04': 60, '2018-05': 47, '2018-06': 63, '2018-07': 36, '2018-08': 103, '2018-09': 61, '2018-10': 90, '2018-11': 96, '2018-12': 27, '2019-01': 39, '2019-02': 33, '2019-03': 149, '2019-04': 97, '2019-05': 87, '2019-06': 50, '2019-07': 122, '2019-08': 84, '2019-09': 94, '2019-10': 188, '2019-11': 17, '2019-12': 1, '2020-01': 19, '2020-02': 37, '2020-03': 12, '2020-04': 12, '2020-05': 2, '2020-06': 2, '2020-07': 11, '2020-08': 5, '2020-09': 96, '2020-10': 69, '2020-11': 111, '2020-12': 77, '2021-01': 101, '2021-02': 53, '2021-03': 146, '2021-04': 142, '2021-05': 80, '2021-06': 77, '2021-07': 83, '2021-08': 90, '2021-09': 61, '2021-10': 75, '2021-11': 2, '2021-12': 45, '2022-01': 39, '2022-02': 97, '2022-03': 152, '2022-04': 108, '2022-05': 241, '2022-06': 142, '2022-07': 72, '2022-08': 154, '2022-09': 149, '2022-10': 14, '2022-11': 72, '2022-12': 47, '2023-01': 191, '2023-02': 103, '2023-03': 42, '2023-04': 73, '2023-05': 61, '2023-06': 41, '2023-07': 65, '2023-08': 67, '2023-09': 133, '2023-10': 56, '2023-11': 52, '2023-12': 60, '2024-01': 100, '2024-02': 121, '2024-03': 55, '2024-04': 32, '2024-05': 6, '2024-06': 105, '2024-07': 35, '2024-08': 1, '2024-09': 6}","{'commits': 1809, 'pull_requests': 153, 'issues': 261, 'reviews': 72}"
vitorbellini,416,18,Python,"{'2017-01': 0, '2017-02': 0, '2017-03': 0, '2017-04': 0, '2017-05': 0, '2017-06': 28, '2017-07': 28, '2017-08': 4, '2017-09': 0, '2017-10': 6, '2017-11': 4, '2017-12': 0, '2018-01': 6, '2018-02': 4, '2018-03': 0, '2018-04': 5, '2018-05': 0, '2018-06': 0, '2018-07': 1, '2018-08': 4, '2018-09': 0, '2018-10': 0, '2018-11': 13, '2018-12': 13, '2019-01': 0, '2019-02': 7, '2019-03': 19, '2019-04': 1, '2019-05': 12, '2019-06': 0, '2019-07': 0, '2019-08': 0, '2019-09': 4, '2019-10': 0, '2019-11': 0, '2019-12': 0, '2020-01': 0, '2020-02': 0, '2020-03': 0, '2020-04': 1, '2020-05': 8, '2020-06': 3, '2020-07': 0, '2020-08': 10, '2020-09': 18, '2020-10': 15, '2020-11': 4, '2020-12': 5, '2021-01': 1, '2021-02': 1, '2021-03': 2, '2021-04': 0, '2021-05': 0, '2021-06': 19, '2021-07': 0, '2021-08': 10, '2021-09': 2, '2021-10': 0, '2021-11': 1, '2021-12': 0, '2022-01': 0, '2022-02': 0, '2022-03': 0, '2022-04': 0, '2022-05': 0, '2022-06': 0, '2022-07': 0, '2022-08': 0, '2022-09': 0, '2022-10': 0, '2022-11': 2, '2022-12': 4, '2023-01': 23, '2023-02': 4, '2023-03': 2, '2023-04': 21, '2023-05': 1, '2023-06': 1, '2023-07': 2, '2023-08': 4, '2023-09': 0, '2023-10': 0, '2023-11': 22, '2023-12': 3, '2024-01': 7, '2024-02': 7, '2024-03': 1, '2024-04': 35, '2024-05': 2, '2024-06': 4, '2024-07': 4, '2024-08': 1, '2024-09': 7}","{'commits': 332, 'pull_requests': 57, 'issues': 10, 'reviews': 1}"
WolffStein,97,13,Jupyter Notebook,"{'2017-01': 0, '2017-02': 0, '2017-03': 0, '2017-04': 0, '2017-05': 0, '2017-06': 0, '2017-07': 0, '2017-08': 0, '2017-09': 0, '2017-10': 0, '2017-11': 0, '2017-12': 0, '2018-01': 0, '2018-02': 0, '2018-03': 0, '2018-04': 0, '2018-05': 0, '2018-06': 0, '2018-07': 0, '2018-08': 0, '2018-09': 0, '2018-10': 0, '2018-11': 0, '2018-12': 0, '2019-01': 0, '2019-02': 0, '2019-03': 0, '2019-04': 0, '2019-05': 0, '2019-06': 0, '2019-07': 0, '2019-08': 1, '2019-09': 0, '2019-10': 0, '2019-11': 0, '2019-12': 0, '2020-01': 0, '2020-02': 0, '2020-03': 0, '2020-04': 0, '2020-05': 0, '2020-06': 0, '2020-07': 0, '2020-08': 0, '2020-09': 0, '2020-10': 0, '2020-11': 0, '2020-12': 0, '2021-01': 0, '2021-02': 0, '2021-03': 0, '2021-04': 0, '2021-05': 0, '2021-06': 0, '2021-07': 0, '2021-08': 0, '2021-09': 0, '2021-10': 0, '2021-11': 0, '2021-12': 0, '2022-01': 0, '2022-02': 0, '2022-03': 0, '2022-04': 0, '2022-05': 0, '2022-06': 0, '2022-07': 8, '2022-08': 0, '2022-09': 0, '2022-10': 0, '2022-11': 0, '2022-12': 0, '2023-01': 0, '2023-02': 0, '2023-03': 0, '2023-04': 2, '2023-05': 7, '2023-06': 0, '2023-07': 3, '2023-08': 0, '2023-09': 4, '2023-10': 5, '2023-11': 25, '2023-12': 2, '2024-01': 0, '2024-02': 0, '2024-03': 0, '2024-04': 8, '2024-05': 4, '2024-06': 0, '2024-07': 2, '2024-08': 11, '2024-09': 15}","{'commits': 88, 'pull_requests': 3, 'issues': 0, 'reviews': 0}"
Joao-amoedo,115,6,Java,"{'2017-01': 0, '2017-02': 0, '2017-03': 0, '2017-04': 0, '2017-05': 0, '2017-06': 0, '2017-07': 0, '2017-08': 0, '2017-09': 0, '2017-10': 0, '2017-11': 0, '2017-12': 1, '2018-01': 0, '2018-02': 0, '2018-03': 0, '2018-04': 0, '2018-05': 0, '2018-06': 0, '2018-07': 0, '2018-08': 0, '2018-09': 9, '2018-10': 5, '2018-11': 6, '2018-12': 0, '2019-01': 0, '2019-02': 0, '2019-03': 0, '2019-04': 1, '2019-05': 5, '2019-06': 6, '2019-07': 0, '2019-08': 0, '2019-09': 0, '2019-10': 11, '2019-11': 11, '2019-12': 0, '2020-01': 0, '2020-02': 0, '2020-03': 2, '2020-04': 6, '2020-05': 4, '2020-06': 33, '2020-07': 1, '2020-08': 0, '2020-09': 0, '2020-10': 0, '2020-11': 0, '2020-12': 0, '2021-01': 0, '2021-02': 0, '2021-03': 2, '2021-04': 0, '2021-05': 4, '2021-06': 8, '2021-07': 0, '2021-08': 0, '2021-09': 0, '2021-10': 0, '2021-11': 0, '2021-12': 0, '2022-01': 0, '2022-02': 0, '2022-03': 0, '2022-04': 0, '2022-05': 0, '2022-06': 0, '2022-07': 0, '2022-08': 0, '2022-09': 0, '2022-10': 0, '2022-11': 0, '2022-12': 0, '2023-01': 0, '2023-02': 0, '2023-03': 0, '2023-04': 0, '2023-05': 0, '2023-06': 0, '2023-07': 0, '2023-08': 0, '2023-09': 0, '2023-10': 0, '2023-11': 0, '2023-12': 0, '2024-01': 0, '2024-02': 0, '2024-03': 0, '2024-04': 0, '2024-05': 0, '2024-06': 0, '2024-07': 0, '2024-08': 0, '2024-09': 0}","{'commits': 107, 'pull_requests': 1, 'issues': 1, 'reviews': 0}"
andreozzi,56,8,Java,"{'2017-01': 0, '2017-02': 0, '2017-03': 0, '2017-04': 0, '2017-05': 0, '2017-06': 0, '2017-07': 0, '2017-08': 0, '2017-09': 0, '2017-10': 0, '2017-11': 0, '2017-12': 0, '2018-01': 0, '2018-02': 0, '2018-03': 0, '2018-04': 0, '2018-05': 0, '2018-06': 0, '2018-07': 0, '2018-08': 0, '2018-09': 0, '2018-10': 0, '2018-11': 0, '2018-12': 0, '2019-01': 0, '2019-02': 0, '2019-03': 0, '2019-04': 0, '2019-05': 0, '2019-06': 0, '2019-07': 0, '2019-08': 0, '2019-09': 0, '2019-10': 0, '2019-11': 0, '2019-12': 0, '2020-01': 0, '2020-02': 0, '2020-03': 0, '2020-04': 0, '2020-05': 0, '2020-06': 0, '2020-07': 0, '2020-08': 0, '2020-09': 0, '2020-10': 0, '2020-11': 0, '2020-12': 0, '2021-01': 0, '2021-02': 0, '2021-03': 0, '2021-04': 0, '2021-05': 0, '2021-06': 0, '2021-07': 0, '2021-08': 0, '2021-09': 0, '2021-10': 0, '2021-11': 0, '2021-12': 0, '2022-01': 0, '2022-02': 0, '2022-03': 0, '2022-04': 0, '2022-05': 0, '2022-06': 0, '2022-07': 1, '2022-08': 0, '2022-09': 0, '2022-10': 0, '2022-11': 3, '2022-12': 5, '2023-01': 0, '2023-02': 0, '2023-03': 14, '2023-04': 5, '2023-05': 5, '2023-06': 2, '2023-07': 7, '2023-08': 0, '2023-09': 0, '2023-10': 0, '2023-11': 0, '2023-12': 0, '2024-01': 0, '2024-02': 0, '2024-03': 0, '2024-04': 0, '2024-05': 0, '2024-06': 2, '2024-07': 12, '2024-08': 0, '2024-09': 0}","{'commits': 48, 'pull_requests': 0, 'issues': 0, 'reviews': 0}"
laurapinos,133,21,Python,"{'2017-01': 0, '2017-02': 0, '2017-03': 0, '2017-04': 0, '2017-05': 0, '2017-06': 0, '2017-07': 0, '2017-08': 0, '2017-09': 0, '2017-10': 0, '2017-11': 0, '2017-12': 0, '2018-01': 0, '2018-02': 0, '2018-03': 0, '2018-04': 0, '2018-05': 0, '2018-06': 0, '2018-07': 0, '2018-08': 0, '2018-09': 0, '2018-10': 0, '2018-11': 0, '2018-12': 0, '2019-01': 0, '2019-02': 0, '2019-03': 0, '2019-04': 0, '2019-05': 0, '2019-06': 0, '2019-07': 0, '2019-08': 0, '2019-09': 0, '2019-10': 0, '2019-11': 0, '2019-12': 0, '2020-01': 0, '2020-02': 0, '2020-03': 1, '2020-04': 0, '2020-05': 0, '2020-06': 0, '2020-07': 0, '2020-08': 0, '2020-09': 0, '2020-10': 0, '2020-11': 0, '2020-12': 0, '2021-01': 0, '2021-02': 0, '2021-03': 0, '2021-04': 0, '2021-05': 0, '2021-06': 0, '2021-07': 0, '2021-08': 0, '2021-09': 4, '2021-10': 1, '2021-11': 0, '2021-12': 0, '2022-01': 0, '2022-02': 0, '2022-03': 0, '2022-04': 3, '2022-05': 0, '2022-06': 3, '2022-07': 14, '2022-08': 9, '2022-09': 21, '2022-10': 0, '2022-11': 8, '2022-12': 6, '2023-01': 1, '2023-02': 16, '2023-03': 0, '2023-04': 0, '2023-05': 0, '2023-06': 0, '2023-07': 1, '2023-08': 0, '2023-09': 3, '2023-10': 8, '2023-11': 12, '2023-12': 5, '2024-01': 0, '2024-02': 0, '2024-03': 0, '2024-04': 7, '2024-05': 0, '2024-06': 0, '2024-07': 7, '2024-08': 3, '2024-09': 0}","{'commits': 101, 'pull_requests': 24, 'issues': 0, 'reviews': 1}"
juuh42dias,2276,97,Ruby,"{'2017-01': 0, '2017-02': 0, '2017-03': 2, '2017-04': 18, '2017-05': 2, '2017-06': 6, '2017-07': 39, '2017-08': 54, '2017-09': 8, '2017-10': 1, '2017-11': 0, '2017-12': 1, '2018-01': 0, '2018-02': 10, '2018-03': 3, '2018-04': 1, '2018-05': 0, '2018-06': 15, '2018-07': 4, '2018-08': 51, '2018-09': 9, '2018-10': 17, '2018-11': 4, '2018-12': 104, '2019-01': 42, '2019-02': 53, '2019-03': 56, '2019-04': 21, '2019-05': 15, '2019-06': 0, '2019-07': 7, '2019-08': 10, '2019-09': 3, '2019-10': 27, '2019-11': 4, '2019-12': 1, '2020-01': 6, '2020-02': 62, '2020-03': 10, '2020-04': 38, '2020-05': 40, '2020-06': 85, '2020-07': 134, '2020-08': 6, '2020-09': 10, '2020-10': 6, '2020-11': 24, '2020-12': 6, '2021-01': 0, '2021-02': 3, '2021-03': 2, '2021-04': 0, '2021-05': 8, '2021-06': 6, '2021-07': 0, '2021-08': 0, '2021-09': 2, '2021-10': 0, '2021-11': 0, '2021-12': 0, '2022-01': 0, '2022-02': 0, '2022-03': 6, '2022-04': 0, '2022-05': 1, '2022-06': 6, '2022-07': 0, '2022-08': 29, '2022-09': 64, '2022-10': 16, '2022-11': 10, '2022-12': 12, '2023-01': 21, '2023-02': 43, '2023-03': 20, '2023-04': 31, '2023-05': 50, '2023-06': 28, '2023-07': 5, '2023-08': 2, '2023-09': 3, '2023-10': 7, '2023-11': 16, '2023-12': 58, '2024-01': 50, '2024-02': 63, '2024-03': 39, '2024-04': 72, '2024-05': 124, '2024-06': 140, '2024-07': 193, '2024-08': 86, '2024-09': 45}","{'commits': 465, 'pull_requests': 46, 'issues': 22, 'reviews': 14}"
Gui-fga,23,6,Ruby,"{'2017-01': 0, '2017-02': 0, '2017-03': 0, '2017-04': 0, '2017-05': 0, '2017-06': 0, '2017-07': 0, '2017-08': 0, '2017-09': 0, '2017-10': 0, '2017-11': 0, '2017-12': 0, '2018-01': 0, '2018-02': 0, '2018-03': 0, '2018-04': 0, '2018-05': 0, '2018-06': 0, '2018-07': 0, '2018-08': 0, '2018-09': 0, '2018-10': 0, '2018-11': 0, '2018-12': 0, '2019-01': 0, '2019-02': 0, '2019-03': 0, '2019-04': 0, '2019-05': 0, '2019-06': 0, '2019-07': 0, '2019-08': 0, '2019-09': 0, '2019-10': 0, '2019-11': 0, '2019-12': 0, '2020-01': 0, '2020-02': 0, '2020-03': 0, '2020-04': 0, '2020-05': 0, '2020-06': 0, '2020-07': 0, '2020-08': 0, '2020-09': 0, '2020-10': 0, '2020-11': 0, '2020-12': 0, '2021-01': 0, '2021-02': 0, '2021-03': 0, '2021-04': 0, '2021-05': 0, '2021-06': 0, '2021-07': 0, '2021-08': 0, '2021-09': 0, '2021-10': 0, '2021-11': 0, '2021-12': 0, '2022-01': 0, '2022-02': 0, '2022-03': 0, '2022-04': 0, '2022-05': 0, '2022-06': 0, '2022-07': 0, '2022-08': 0, '2022-09': 0, '2022-10': 0, '2022-11': 0, '2022-12': 0, '2023-01': 0, '2023-02': 0, '2023-03': 0, '2023-04': 0, '2023-05': 0, '2023-06': 0, '2023-07': 0, '2023-08': 0, '2023-09': 0, '2023-10': 0, '2023-11': 5, '2023-12': 0, '2024-01': 4, '2024-02': 0, '2024-03': 0, '2024-04': 0, '2024-05': 6, '2024-06': 0, '2024-07': 0, '2024-08': 0, '2024-09': 8}","{'commits': 11, 'pull_requests': 5, 'issues': 0, 'reviews': 0}"
MBeltrami,38,9,R,"{'2017-01': 0, '2017-02': 7, '2017-03': 1, '2017-04': 11, '2017-05': 1, '2017-06': 0, '2017-07': 0, '2017-08': 0, '2017-09': 0, '2017-10': 0, '2017-11': 0, '2017-12': 0, '2018-01': 0, '2018-02': 0, '2018-03': 0, '2018-04': 0, '2018-05': 0, '2018-06': 0, '2018-07': 0, '2018-08': 0, '2018-09': 0, '2018-10': 0, '2018-11': 0, '2018-12': 0, '2019-01': 0, '2019-02': 0, '2019-03': 0, '2019-04': 0, '2019-05': 0, '2019-06': 0, '2019-07': 0, '2019-08': 0, '2019-09': 0, '2019-10': 0, '2019-11': 0, '2019-12': 0, '2020-01': 0, '2020-02': 0, '2020-03': 0, '2020-04': 0, '2020-05': 0, '2020-06': 0, '2020-07': 0, '2020-08': 0, '2020-09': 0, '2020-10': 0, '2020-11': 0, '2020-12': 0, '2021-01': 0, '2021-02': 0, '2021-03': 0, '2021-04': 0, '2021-05': 0, '2021-06': 0, '2021-07': 0, '2021-08': 0, '2021-09': 0, '2021-10': 0, '2021-11': 0, '2021-12': 0, '2022-01': 0, '2022-02': 0, '2022-03': 0, '2022-04': 0, '2022-05': 0, '2022-06': 0, '2022-07': 0, '2022-08': 0, '2022-09': 0, '2022-10': 0, '2022-11': 0, '2022-12': 0, '2023-01': 0, '2023-02': 0, '2023-03': 0, '2023-04': 0, '2023-05': 0, '2023-06': 0, '2023-07': 0, '2023-08': 0, '2023-09': 0, '2023-10': 0, '2023-11': 0, '2023-12': 0, '2024-01': 0, '2024-02': 0, '2024-03': 0, '2024-04': 0, '2024-05': 0, '2024-06': 12, '2024-07': 4, '2024-08': 2, '2024-09': 0}","{'commits': 28, 'pull_requests': 2, 'issues': 0, 'reviews': 0}"
guilhermedfs,986,66,Swift,"{'2017-01': 0, '2017-02': 0, '2017-03': 0, '2017-04': 0, '2017-05': 0, '2017-06': 0, '2017-07': 0, '2017-08': 0, '2017-09': 0, '2017-10': 0, '2017-11': 0, '2017-12': 0, '2018-01': 0, '2018-02': 0, '2018-03': 0, '2018-04': 0, '2018-05': 0, '2018-06': 0, '2018-07': 0, '2018-08': 0, '2018-09': 0, '2018-10': 0, '2018-11': 0, '2018-12': 0, '2019-01': 0, '2019-02': 0, '2019-03': 0, '2019-04': 0, '2019-05': 0, '2019-06': 1, '2019-07': 0, '2019-08': 5, '2019-09': 0, '2019-10': 5, '2019-11': 16, '2019-12': 0, '2020-01': 0, '2020-02': 0, '2020-03': 0, '2020-04': 0, '2020-05': 0, '2020-06': 0, '2020-07': 0, '2020-08': 0, '2020-09': 0, '2020-10': 0, '2020-11': 0, '2020-12': 0, '2021-01': 0, '2021-02': 0, '2021-03': 50, '2021-04': 1, '2021-05': 14, '2021-06': 0, '2021-07': 1, '2021-08': 5, '2021-09': 5, '2021-10': 4, '2021-11': 46, '2021-12': 42, '2022-01': 18, '2022-02': 52, '2022-03': 61, '2022-04': 8, '2022-05': 11, '2022-06': 17, '2022-07': 33, '2022-08': 40, '2022-09': 36, '2022-10': 4, '2022-11': 6, '2022-12': 28, '2023-01': 8, '2023-02': 15, '2023-03': 0, '2023-04': 28, '2023-05': 54, '2023-06': 52, '2023-07': 15, '2023-08': 6, '2023-09': 52, '2023-10': 117, '2023-11': 31, '2023-12': 9, '2024-01': 0, '2024-02': 7, '2024-03': 0, '2024-04': 13, '2024-05': 12, '2024-06': 30, '2024-07': 17, '2024-08': 11, '2024-09': 0}","{'commits': 611, 'pull_requests': 78, 'issues': 114, 'reviews': 57}"
PauloGoncalvesLima,777,26,Python,"{'2017-01': 0, '2017-02': 0, '2017-03': 0, '2017-04': 0, '2017-05': 0, '2017-06': 0, '2017-07': 0, '2017-08': 0, '2017-09': 0, '2017-10': 0, '2017-11': 0, '2017-12': 0, '2018-01': 0, '2018-02': 0, '2018-03': 0, '2018-04': 0, '2018-05': 0, '2018-06': 0, '2018-07': 0, '2018-08': 0, '2018-09': 0, '2018-10': 0, '2018-11': 0, '2018-12': 0, '2019-01': 0, '2019-02': 0, '2019-03': 0, '2019-04': 0, '2019-05': 0, '2019-06': 0, '2019-07': 2, '2019-08': 15, '2019-09': 61, '2019-10': 25, '2019-11': 75, '2019-12': 0, '2020-01': 0, '2020-02': 0, '2020-03': 0, '2020-04': 27, '2020-05': 0, '2020-06': 10, '2020-07': 11, '2020-08': 2, '2020-09': 23, '2020-10': 1, '2020-11': 5, '2020-12': 2, '2021-01': 1, '2021-02': 19, '2021-03': 31, '2021-04': 9, '2021-05': 19, '2021-06': 17, '2021-07': 1, '2021-08': 36, '2021-09': 17, '2021-10': 9, '2021-11': 10, '2021-12': 0, '2022-01': 0, '2022-02': 0, '2022-03': 0, '2022-04': 0, '2022-05': 7, '2022-06': 0, '2022-07': 0, '2022-08': 5, '2022-09': 1, '2022-10': 1, '2022-11': 10, '2022-12': 24, '2023-01': 9, '2023-02': 3, '2023-03': 0, '2023-04': 5, '2023-05': 79, '2023-06': 39, '2023-07': 34, '2023-08': 4, '2023-09': 14, '2023-10': 30, '2023-11': 41, '2023-12': 30, '2024-01': 9, '2024-02': 0, '2024-03': 1, '2024-04': 0, '2024-05': 0, '2024-06': 3, '2024-07': 0, '2024-08': 0, '2024-09': 0}","{'commits': 441, 'pull_requests': 48, 'issues': 41, 'reviews': 13}"
Percon12,468,41,Python,"{'2017-01': 0, '2017-02': 0, '2017-03': 0, '2017-04': 0, '2017-05': 0, '2017-06': 0, '2017-07': 0, '2017-08': 0, '2017-09': 0, '2017-10': 0, '2017-11': 0, '2017-12': 0, '2018-01': 0, '2018-02': 0, '2018-03': 0, '2018-04': 0, '2018-05': 0, '2018-06': 0, '2018-07': 0, '2018-08': 0, '2018-09': 0, '2018-10': 0, '2018-11': 0, '2018-12': 0, '2019-01': 0, '2019-02': 0, '2019-03': 1, '2019-04': 1, '2019-05': 0, '2019-06': 0, '2019-07': 0, '2019-08': 0, '2019-09': 0, '2019-10': 0, '2019-11': 0, '2019-12': 0, '2020-01': 0, '2020-02': 0, '2020-03': 0, '2020-04': 0, '2020-05': 0, '2020-06': 0, '2020-07': 0, '2020-08': 0, '2020-09': 0, '2020-10': 0, '2020-11': 9, '2020-12': 9, '2021-01': 0, '2021-02': 0, '2021-03': 0, '2021-04': 0, '2021-05': 0, '2021-06': 0, '2021-07': 0, '2021-08': 36, '2021-09': 37, '2021-10': 5, '2021-11': 0, '2021-12': 0, '2022-01': 8, '2022-02': 14, '2022-03': 14, '2022-04': 45, '2022-05': 1, '2022-06': 13, '2022-07': 20, '2022-08': 45, '2022-09': 13, '2022-10': 0, '2022-11': 7, '2022-12': 14, '2023-01': 12, '2023-02': 1, '2023-03': 7, '2023-04': 33, '2023-05': 5, '2023-06': 19, '2023-07': 8, '2023-08': 4, '2023-09': 2, '2023-10': 0, '2023-11': 15, '2023-12': 5, '2024-01': 17, '2024-02': 0, '2024-03': 0, '2024-04': 19, '2024-05': 15, '2024-06': 10, '2024-07': 4, '2024-08': 0, '2024-09': 0}","{'commits': 367, 'pull_requests': 15, 'issues': 14, 'reviews': 3}"
LeoSilvaGomes,1284,38,JavaScript,"{'2017-01': 0, '2017-02': 0, '2017-03': 0, '2017-04': 0, '2017-05': 0, '2017-06': 0, '2017-07': 0, '2017-08': 0, '2017-09': 0, '2017-10': 0, '2017-11': 0, '2017-12': 0, '2018-01': 0, '2018-02': 0, '2018-03': 0, '2018-04': 0, '2018-05': 0, '2018-06': 0, '2018-07': 0, '2018-08': 3, '2018-09': 11, '2018-10': 35, '2018-11': 19, '2018-12': 7, '2019-01': 24, '2019-02': 5, '2019-03': 3, '2019-04': 26, '2019-05': 13, '2019-06': 3, '2019-07': 1, '2019-08': 10, '2019-09': 54, '2019-10': 67, '2019-11': 62, '2019-12': 0, '2020-01': 0, '2020-02': 1, '2020-03': 34, '2020-04': 48, '2020-05': 7, '2020-06': 9, '2020-07': 1, '2020-08': 18, '2020-09': 16, '2020-10': 48, '2020-11': 5, '2020-12': 5, '2021-01': 9, '2021-02': 6, '2021-03': 1, '2021-04': 0, '2021-05': 0, '2021-06': 0, '2021-07': 14, '2021-08': 85, '2021-09': 65, '2021-10': 40, '2021-11': 12, '2021-12': 4, '2022-01': 0, '2022-02': 19, '2022-03': 19, '2022-04': 19, '2022-05': 13, '2022-06': 4, '2022-07': 96, '2022-08': 1, '2022-09': 50, '2022-10': 20, '2022-11': 36, '2022-12': 68, '2023-01': 76, '2023-02': 6, '2023-03': 0, '2023-04': 0, '2023-05': 0, '2023-06': 7, '2023-07': 20, '2023-08': 0, '2023-09': 0, '2023-10': 0, '2023-11': 0, '2023-12': 0, '2024-01': 2, '2024-02': 33, '2024-03': 7, '2024-04': 1, '2024-05': 16, '2024-06': 0, '2024-07': 0, '2024-08': 0, '2024-09': 0}","{'commits': 974, 'pull_requests': 74, 'issues': 124, 'reviews': 90}"
bot-do-jao,529,32,JavaScript,"{'2017-01': 0, '2017-02': 0, '2017-03': 0, '2017-04': 0, '2017-05': 0, '2017-06': 0, '2017-07': 0, '2017-08': 0, '2017-09': 0, '2017-10': 0, '2017-11': 0, '2017-12': 0, '2018-01': 0, '2018-02': 0, '2018-03': 0, '2018-04': 0, '2018-05': 0, '2018-06': 0, '2018-07': 0, '2018-08': 0, '2018-09': 0, '2018-10': 0, '2018-11': 0, '2018-12': 0, '2019-01': 0, '2019-02': 0, '2019-03': 0, '2019-04': 0, '2019-05': 0, '2019-06': 0, '2019-07': 0, '2019-08': 0, '2019-09': 0, '2019-10': 0, '2019-11': 0, '2019-12': 0, '2020-01': 0, '2020-02': 0, '2020-03': 0, '2020-04': 0, '2020-05': 0, '2020-06': 0, '2020-07': 0, '2020-08': 0, '2020-09': 0, '2020-10': 0, '2020-11': 0, '2020-12': 0, '2021-01': 0, '2021-02': 0, '2021-03': 0, '2021-04': 0, '2021-05': 0, '2021-06': 0, '2021-07': 0, '2021-08': 1, '2021-09': 0, '2021-10': 0, '2021-11': 0, '2021-12': 0, '2022-01': 0, '2022-02': 18, '2022-03': 18, '2022-04': 10, '2022-05': 0, '2022-06': 38, '2022-07': 49, '2022-08': 0, '2022-09': 4, '2022-10': 0, '2022-11': 13, '2022-12': 24, '2023-01': 10, '2023-02': 6, '2023-03': 1, '2023-04': 38, '2023-05': 42, '2023-06': 104, '2023-07': 31, '2023-08': 15, '2023-09': 10, '2023-10': 3, '2023-11': 7, '2023-12': 0, '2024-01': 4, '2024-02': 13, '2024-03': 8, '2024-04': 8, '2024-05': 1, '2024-06': 0, '2024-07': 18, '2024-08': 14, '2024-09': 21}","{'commits': 345, 'pull_requests': 50, 'issues': 23, 'reviews': 15}"
ednunes,2392,47,Python,"{'2017-01': 0, '2017-02': 0, '2017-03': 5, '2017-04': 0, '2017-05': 90, '2017-06': 118, '2017-07': 62, '2017-08': 0, '2017-09': 0, '2017-10': 21, '2017-11': 45, '2017-12': 18, '2018-01': 3, '2018-02': 16, '2018-03': 39, '2018-04': 64, '2018-05': 35, '2018-06': 39, '2018-07': 24, '2018-08': 132, '2018-09': 59, '2018-10': 63, '2018-11': 44, '2018-12': 22, '2019-01': 0, '2019-02': 19, '2019-03': 27, '2019-04': 80, '2019-05': 52, '2019-06': 17, '2019-07': 35, '2019-08': 39, '2019-09': 71, '2019-10': 1, '2019-11': 0, '2019-12': 0, '2020-01': 3, '2020-02': 0, '2020-03': 0, '2020-04': 0, '2020-05': 0, '2020-06': 0, '2020-07': 0, '2020-08': 0, '2020-09': 0, '2020-10': 1, '2020-11': 4, '2020-12': 9, '2021-01': 0, '2021-02': 0, '2021-03': 0, '2021-04': 0, '2021-05': 0, '2021-06': 2, '2021-07': 4, '2021-08': 9, '2021-09': 5, '2021-10': 0, '2021-11': 0, '2021-12': 0, '2022-01': 0, '2022-02': 0, '2022-03': 0, '2022-04': 0, '2022-05': 0, '2022-06': 0, '2022-07': 0, '2022-08': 0, '2022-09': 133, '2022-10': 70, '2022-11': 16, '2022-12': 79, '2023-01': 0, '2023-02': 2, '2023-03': 1, '2023-04': 27, '2023-05': 28, '2023-06': 4, '2023-07': 1, '2023-08': 15, '2023-09': 46, '2023-10': 55, '2023-11': 39, '2023-12': 28, '2024-01': 26, '2024-02': 45, '2024-03': 69, '2024-04': 105, '2024-05': 74, '2024-06': 50, '2024-07': 58, '2024-08': 92, '2024-09': 52}","{'commits': 2165, 'pull_requests': 96, 'issues': 106, 'reviews': 0}"
